{"cameraMode":{"drawMode":0,"name":"Shaded","section":"Shading Mode"},"sceneLighting":true,"audioPlay":false,"sceneViewState":{"m_AlwaysRefresh":false,"showFog":true,"showSkybox":true,"showFlares":true,"showImageEffects":true,"showParticleSystems":true,"showVisualEffectGraphs":true,"m_FxEnabled":true},"in2DMode":false,"pivot":{"x":-1.6100096702575684,"y":2.137152671813965,"z":17.959043502807618},"rotation":{"x":-0.14733920991420747,"y":-0.8514649868011475,"z":0.33045753836631777,"w":-0.3796374201774597},"size":3.0462100505828859,"orthographic":false}