{"cameraMode":{"drawMode":0,"name":"Shaded","section":"Shading Mode"},"sceneLighting":false,"audioPlay":false,"sceneViewState":{"m_AlwaysRefresh":false,"showFog":true,"showSkybox":false,"showFlares":true,"showImageEffects":true,"showParticleSystems":true,"showVisualEffectGraphs":true,"m_FxEnabled":true},"in2DMode":false,"pivot":{"x":1.1953142881393433,"y":0.9947870373725891,"z":17.290081024169923},"rotation":{"x":-0.2404198795557022,"y":-0.5442221164703369,"z":0.16638581454753877,"w":-0.7863621115684509},"size":0.4290734529495239,"orthographic":false}