{"cameraMode":{"drawMode":0,"name":"Shaded","section":"Shading Mode"},"sceneLighting":false,"audioPlay":false,"sceneViewState":{"m_AlwaysRefresh":false,"showFog":true,"showSkybox":false,"showFlares":true,"showImageEffects":true,"showParticleSystems":true,"showVisualEffectGraphs":true,"m_FxEnabled":true},"in2DMode":false,"pivot":{"x":0.9391412734985352,"y":1.0749555826187134,"z":17.01580047607422},"rotation":{"x":-0.3703887164592743,"y":-0.10912866145372391,"z":0.043868523091077808,"w":-0.9214163422584534},"size":0.1277783066034317,"orthographic":false}