{"cameraMode":{"drawMode":0,"name":"Shaded","section":"Shading Mode"},"sceneLighting":true,"audioPlay":false,"sceneViewState":{"m_AlwaysRefresh":false,"showFog":true,"showSkybox":true,"showFlares":true,"showImageEffects":true,"showParticleSystems":true,"showVisualEffectGraphs":true,"m_FxEnabled":true},"in2DMode":false,"pivot":{"x":777.1461791992188,"y":238.86788940429688,"z":-863.4069213867188},"rotation":{"x":-0.16897431015968324,"y":-0.015673784539103509,"z":0.002687821164727211,"w":-0.9854960441589356},"size":12.12435531616211,"orthographic":false}